{"batch-index": 65, "loss": 0.714196503162384, "_timestamp": 1665202108.9262106, "_runtime": 1261.7686467170715, "_step": 36, "training-accuracy": [48.31077104178929], "training-loss": [1.9400440062962325], "validation-accuracy": 78.24858757062147, "validation-loss": [0.9478060488517468]}