{"batch-index": 50, "loss": 0.490131139755249, "_timestamp": 1665203318.7450693, "_runtime": 1155.498024225235, "_step": 33, "training-accuracy": 49.8529, "training-loss": 1.8559, "validation-accuracy": 81.1676, "validation-loss": 0.8739}