{"batch-index": 50, "loss": 0.5654000043869019, "_timestamp": 1665203321.7608933, "_runtime": 1158.5132954120636, "_step": 33, "training-accuracy": 58.505, "training-loss": 1.8625, "validation-accuracy": 80.8851, "validation-loss": 0.9241}