{"batch-index": 40, "loss": 2.063676357269287, "_timestamp": 1665203632.4818094, "_runtime": 279.7701373100281, "_step": 8}