{"batch-index": 65, "loss": 1.457725167274475, "_timestamp": 1665203797.074023, "_runtime": 444.36235094070435, "_step": 13}