{"batch-index": 25, "loss": 2.5558950901031494, "_timestamp": 1665203531.8470898, "_runtime": 179.13541769981384, "_step": 5}