{"batch-index": 20, "loss": 2.491861343383789, "_timestamp": 1665203500.3906825, "_runtime": 147.67420935630798, "_step": 4}