{"batch-index": 40, "loss": 1.867018699645996, "_timestamp": 1665203636.4124744, "_runtime": 283.696001291275, "_step": 8}