{"batch-index": 65, "loss": 1.2442598342895508, "_timestamp": 1665203799.6536694, "_runtime": 446.9371962547302, "_step": 13}