{"batch-index": 5, "loss": 3.1507914066314697, "_timestamp": 1665200529.8951492, "_runtime": 45.24511933326721, "_step": 1}